term,courses,providers
Marketing,2479,175
Social,1166,156
Media,1119,157
Manager,1110,166
Projektmanagement,1046,91
Scrum,909,51
Grundlagen,887,161
Inkl,740,97
Microsoft,729,59
Intelligenz,714,140
Design,695,128
Management,677,84
Content,612,153
Digital,581,137
Agile,564,43
Seo,562,137
Adobe,553,108
Basics,550,73
Künstliche,543,134
Zusatzqualifikation,496,33
E-Commerce,493,109
Aufbaukurs,485,107
Python,426,78
Engineering,390,59
Schwerpunkt,369,64
Digitale,366,66
Business,360,81
Product,360,40
Prompt,347,52
Geprüfte,343,53
Psm,339,9
Nach,330,29
Wordpress,327,112
Master,321,19
Projektmanager,318,32
Data,301,42
Owner,301,28
Copilot,297,40
Wirtschaftsenglisch,278,96
Office,272,82
Einführung,271,79
Kommunikation,270,42
Performance,266,39
Thinking,263,31
Bis,260,103
Experte,256,42
Professional,249,43
Pspo,248,6
Methoden,247,34
Html,246,75
Leadership,246,31
Advanced,242,108
Css,242,79
Ads,242,34
Cloud,238,81
Sea,237,26
Ki-Gestützte,234,27
Agiles,228,46
Automatisierung,219,66
Datev,219,24
