snapshot_date,course_id,visibility
2026-10-06,10123695627,12
2026-10-06,10123871695,14.0
2026-10-06,10123880544,1.0
2026-10-06,10124772702,5.0
2026-10-06,10124772819,8.0
2026-10-06,10124821623,1.0
2026-10-06,10126716943,9.5
2026-10-06,10127382539,11
2026-10-06,10127385621,1.0
2026-10-06,10127385630,8
2026-10-06,10127385727,3
2026-10-06,10127385736,7
2026-10-06,10127442816,1.0
2026-10-06,10127442818,1.0
2026-10-06,10127726597,3
2026-10-06,10128495128,1.0
2026-10-06,10128855571,15.0
2026-10-06,10128874519,2.5
2026-10-06,10128874806,4
2026-10-06,10129176752,3
2026-10-06,10130916410,1.0
2026-10-06,10130917085,3
2026-10-06,10135474913,2.0
2026-10-06,10135524619,14
2026-10-06,10135548426,16
2026-10-06,10135555136,3.0
2026-10-06,10135555189,3.0
2026-10-06,10135556756,10
2026-10-06,10135566730,2.0
2026-10-06,10146736860,8
2026-10-06,10149239522,1.0
2026-10-06,10149241049,3
2026-10-06,10149342999,30
2026-10-06,10151283828,1.0
2026-10-06,10166231651,3.5
2026-10-06,10166231691,1.0
2026-10-06,10187570891,1.0
2026-10-06,10220447694,19.0
2026-10-06,10220678738,3
2026-10-06,10220678881,1.0
2026-10-06,10220678894,1.0
2026-10-06,10259486296,2.0
2026-10-06,10260373652,1.0
2026-10-06,10266249614,39.0
2026-10-06,10266796905,1.0
2026-10-06,10266797381,4
2026-10-06,10266797417,1.0
2026-10-06,10266797451,3
2026-10-06,10266798210,2.5
2026-10-06,10266798279,1.0
2026-10-06,10266798336,1.0
2026-10-06,10266798364,3
2026-10-06,10266800960,1.0
2026-10-06,10266802110,18.0
2026-10-06,10266802214,9
2026-10-06,10266802880,3
2026-10-06,10266803034,8
2026-10-06,10266803902,1.0
2026-10-06,10266803930,2.0
2026-10-06,10266803959,11
2026-10-06,10266803988,16
2026-10-06,10266804728,13
2026-10-06,10266804759,7
2026-10-06,10266804796,11
2026-10-06,10266804834,1.0
2026-10-06,10266804871,1.0
2026-10-06,10266804905,1.0
2026-10-06,10266804942,4.0
2026-10-06,10266805042,3.5
2026-10-06,10266805161,2.0
2026-10-06,10266805265,2.0
2026-10-06,10266805365,4.0
2026-10-06,10266805809,14
2026-10-06,10266805843,4
2026-10-06,10266805880,13.0
2026-10-06,10266805915,5
2026-10-06,10266806795,1.0
2026-10-06,10266806828,1.0
2026-10-06,10266806885,2.0
2026-10-06,10266811163,1.0
2026-10-06,10266811633,3
2026-10-06,10266811863,1.0
2026-10-06,10266814697,1.0
2026-10-06,10270809041,2.0
2026-10-06,10271704862,2.0
2026-10-06,10271775347,20.5
2026-10-06,10271775461,3
2026-10-06,10271911145,3
2026-10-06,10271911318,1.0
2026-10-06,10273245345,1.0
2026-10-06,10277098988,30
2026-10-06,10277099457,9.0
2026-10-06,10277099779,3
2026-10-06,10284808049,3
2026-10-06,10285550520,1.0
2026-10-06,10285550648,5
2026-10-06,10285550908,4
2026-10-06,10285650482,16
2026-10-06,10285650645,1.0
2026-10-06,10285650657,1.0
2026-10-06,10285651127,2.0
2026-10-06,10285651156,1.0
2026-10-06,10287374291,1.0
2026-10-06,10287374349,30
2026-10-06,10287375341,3
2026-10-06,10287375540,1.0
2026-10-06,10287375707,1.0
2026-10-06,10289225096,13.5
2026-10-06,10289225890,1.0
2026-10-06,10289233629,30
2026-10-06,10289234771,11
2026-10-06,10289642933,11.5
2026-10-06,10289951635,5.0
2026-10-06,10291036301,8
2026-10-06,10291626028,1.0
2026-10-06,10293767516,1.0
2026-10-06,10293767755,2.5
2026-10-06,10295932880,12
2026-10-06,10295989349,1.0
2026-10-06,10296361535,1.0
2026-10-06,10296361628,1.0
2026-10-06,10296361762,1.0
2026-10-06,10296370841,5.0
2026-10-06,10296495967,1.0
2026-10-06,10296497159,5.0
2026-10-06,10296497369,33.0
2026-10-06,10296504745,1.0
2026-10-06,10296504865,11
2026-10-06,10298016885,7
2026-10-06,10298016941,90
2026-10-06,10302345485,5
2026-10-06,10303290456,2.0
2026-10-06,10303290906,1.0
2026-10-06,10304679178,20
2026-10-06,10305415469,3
2026-10-06,10306076455,3
2026-10-06,10306261977,3
2026-10-06,10306265016,11
2026-10-06,10306265080,1.0
2026-10-06,10306265140,1.0
2026-10-06,10306265766,14.0
2026-10-06,10306265865,2.5
2026-10-06,10306268556,1.0
2026-10-06,10306269123,8.0
2026-10-06,10308556091,1.0
2026-10-06,10308559845,15.5
2026-10-06,10309673841,2.0
2026-10-06,10309674596,2.0
2026-10-06,10309964506,1.0
2026-10-06,10310078034,1.0
2026-10-06,10310115582,7
2026-10-06,10310650131,12.0
2026-10-06,10311558384,1.0
2026-10-06,10311792259,1.0
2026-10-06,10313209194,9
2026-10-06,10313211184,27
2026-10-06,10314576784,30
2026-10-06,10314931676,8.0
2026-10-06,10315967884,2.0
2026-10-06,10315968035,9.0
2026-10-06,10318976502,1.0
2026-10-06,10318976552,3
2026-10-06,10318976835,2.5
2026-10-06,10318976922,1.0
2026-10-06,10318976989,5
2026-10-06,10318977009,9.0
2026-10-06,10318977070,7.0
2026-10-06,10318977103,1.0
2026-10-06,10318977233,1.0
2026-10-06,10318995587,1.0
2026-10-06,10318995610,2.5
2026-10-06,10318995662,1.0
2026-10-06,10318995670,1.0
2026-10-06,10318997012,3
2026-10-06,10318999722,4.0
2026-10-06,10318999778,4.0
2026-10-06,10319000124,1.0
2026-10-06,10319000274,5.0
2026-10-06,10319867917,1.0
2026-10-06,10320319584,3
2026-10-06,10320378914,2.0
2026-10-06,10320379416,4.0
2026-10-06,10320384965,1.0
2026-10-06,10324244608,8
2026-10-06,10324449898,1.0
2026-10-06,10324450892,1.0
2026-10-06,10324452720,1.0
2026-10-06,10329704913,1.0
2026-10-06,10330694961,1.0
2026-10-06,10330703667,5
2026-10-06,10330703689,1.0
2026-10-06,10330711865,16
2026-10-06,10332076911,6
2026-10-06,10332077571,2.5
2026-10-06,10332079416,9.0
2026-10-06,10332080245,8
2026-10-06,10332926923,32
2026-10-06,10332926952,8
2026-10-06,10332927449,3.0
2026-10-06,10332928988,3
2026-10-06,10333489330,4
2026-10-06,10336577512,3
2026-10-06,10336583237,1.0
2026-10-06,10337049783,1.0
2026-10-06,10337791166,1.0
2026-10-06,10337791368,1.0
2026-10-06,10338426390,68.0
2026-10-06,10338427958,22.5
2026-10-06,10338428017,65.0
2026-10-06,10338431266,98
2026-10-06,10338433139,43.0
2026-10-06,10338433889,53
2026-10-06,10338435918,53
2026-10-06,10338436797,86
2026-10-06,10338728031,16
2026-10-06,10339521147,19
2026-10-06,10339521217,9.0
2026-10-06,10339521265,1.0
2026-10-06,10339521331,1.0
2026-10-06,10339521520,1.0
2026-10-06,10339521837,6.5
2026-10-06,10339522122,38
2026-10-06,10339522385,16
2026-10-06,10339522501,27
2026-10-06,10339522574,2.5
2026-10-06,10339522658,8.5
2026-10-06,10339522686,10
2026-10-06,10339522741,17.0
2026-10-06,10339522839,1.0
2026-10-06,10339523074,9.0
2026-10-06,10339523180,16
2026-10-06,10341467447,1.0
2026-10-06,10341467639,1.0
2026-10-06,10341467777,3
2026-10-06,10341467964,1.0
2026-10-06,10341467978,1.0
2026-10-06,10341468031,7
2026-10-06,10341468070,3
2026-10-06,10341468225,5
2026-10-06,10341468458,1.0
2026-10-06,10341468514,4
2026-10-06,10341468604,1.0
2026-10-06,10341468605,1.0
2026-10-06,10341468777,1.0
2026-10-06,10341468867,4
2026-10-06,10341468912,2.5
2026-10-06,10341468919,1.0
2026-10-06,10341468954,1.0
2026-10-06,10341468979,5
2026-10-06,10341468994,11
2026-10-06,10341469024,8
2026-10-06,10341469062,16
2026-10-06,10341469089,1.0
2026-10-06,10341469168,3
2026-10-06,10341469218,1.0
2026-10-06,10341469231,4
2026-10-06,10341469333,7
2026-10-06,10341525735,1.0
2026-10-06,10341858955,1.0
2026-10-06,10342367598,19.0
2026-10-06,10342368840,40.5
2026-10-06,10344970024,1.0
2026-10-06,10344970054,1.0
2026-10-06,10345001193,1.0
2026-10-06,10345001847,1.0
2026-10-06,10345495325,6.0
2026-10-06,10345501260,34.0
2026-10-06,10345503168,4
2026-10-06,10345506322,1.0
2026-10-06,10345506757,1.0
2026-10-06,10345506942,8
2026-10-06,10345508858,1.0
2026-10-06,10345511617,12.0
2026-10-06,10345513030,1.0
2026-10-06,10345515464,8
2026-10-06,10345515986,1.0
2026-10-06,10345516211,1.0
2026-10-06,10345517176,3.5
2026-10-06,10345520700,23
2026-10-06,10345523751,11
2026-10-06,10345524709,6.0
2026-10-06,10345524777,1.0
2026-10-06,10345640534,1.0
2026-10-06,10345645381,1.0
2026-10-06,10345666537,2.5
2026-10-06,10345700076,3
2026-10-06,10345700955,11
2026-10-06,10345702308,1.0
2026-10-06,10348213360,3.5
2026-10-06,10348839755,17.0
2026-10-06,10349997116,3
2026-10-06,10350054027,1.0
2026-10-06,10350054269,2.5
2026-10-06,10350103939,1.0
2026-10-06,10350790394,44.0
2026-10-06,10350796405,4
2026-10-06,10351087741,2.0
2026-10-06,10351089730,2.0
2026-10-06,10351101386,2.0
2026-10-06,10351104170,5.0
2026-10-06,10351108018,1.0
2026-10-06,10351111232,8.0
2026-10-06,10351126777,2.0
2026-10-06,10351151545,11.0
2026-10-06,10351153369,1.0
2026-10-06,10351153995,1.0
2026-10-06,10351169657,2.0
2026-10-06,10351173392,1.0
2026-10-06,10351196788,5.0
2026-10-06,10351204033,4.0
2026-10-06,10351219576,6.0
2026-10-06,10351236512,2.0
2026-10-06,10351236718,1.0
2026-10-06,10351255743,8.0
2026-10-06,10351277355,4
2026-10-06,10351279205,1.0
2026-10-06,10351287476,2.5
2026-10-06,10351295852,1.0
2026-10-06,10351318914,7.0
2026-10-06,10351319862,2.0
2026-10-06,10351359940,1.0
2026-10-06,10351364836,25
2026-10-06,10351365303,3
2026-10-06,10351365328,2.0
2026-10-06,10351384669,1.0
2026-10-06,10351392206,17.0
2026-10-06,10351588067,1.0
2026-10-06,10351593880,1.0
2026-10-06,10351622414,1.0
2026-10-06,10351626005,1.0
2026-10-06,10351630517,16
2026-10-06,10351633943,2.0
2026-10-06,10351635107,1.0
2026-10-06,10351637726,1.0
2026-10-06,10352326341,7
2026-10-06,10352326381,8
2026-10-06,10352327489,4
2026-10-06,10352477840,16
2026-10-06,10352482334,3
2026-10-06,10352483324,2.5
2026-10-06,10352485085,1.0
2026-10-06,10352486904,1.0
2026-10-06,10352488561,14
2026-10-06,10352495953,4
2026-10-06,10352496424,3
2026-10-06,10352496459,1.0
2026-10-06,10352500157,1.0
2026-10-06,10352500449,7
2026-10-06,10352500879,16
2026-10-06,10352696546,6
2026-10-06,10353519818,1.0
2026-10-06,10353583568,5
2026-10-06,10353644322,1.0
2026-10-06,10353720935,1.0
2026-10-06,10353864134,1.0
2026-10-06,10353864157,1.0
2026-10-06,10353864230,1.0
2026-10-06,10355424302,1.0
2026-10-06,10355424415,1.0
2026-10-06,10355424762,1.0
2026-10-06,10355424903,1.0
2026-10-06,10355425041,1.0
2026-10-06,10357093304,1.0
2026-10-06,10357131299,3
2026-10-06,10357132351,1.0
2026-10-06,10357133474,1.0
2026-10-06,10357134315,30
2026-10-06,10357136606,30
2026-10-06,10357138730,2.0
2026-10-06,10357200635,2.5
2026-10-06,10357479037,2.0
2026-10-06,10357479091,2.0
2026-10-06,10357575941,5
2026-10-06,10358259054,1.0
2026-10-06,10358581864,1.0
2026-10-06,10358612706,1.0
2026-10-06,10360351930,1.0
2026-10-06,10360515134,27
2026-10-06,10360840353,1.0
2026-10-06,10360840934,1.0
2026-10-06,10360840945,1.0
2026-10-06,10360842562,3
2026-10-06,10360843038,2.5
2026-10-06,10360846090,2.0
2026-10-06,10360846116,1.0
2026-10-06,10360847085,1.0
2026-10-06,10360847570,5
2026-10-06,10361257451,7
2026-10-06,10361259949,1.0
2026-10-06,10362546146,11
2026-10-06,10362678613,1.0
2026-10-06,10362689232,4.0
2026-10-06,10362693562,1.0
2026-10-06,10362715374,1.0
2026-10-06,10363495592,1.0
2026-10-06,10363495879,3.5
2026-10-06,10363496483,2.5
2026-10-06,10363496984,1.0
2026-10-06,10363496998,1.0
2026-10-06,10365219680,1.0
2026-10-06,10365223367,1.0
2026-10-06,10365482908,1.0
2026-10-06,10367858259,16
2026-10-06,10367862795,3
2026-10-06,10367862814,4
2026-10-06,10367863327,15.0
2026-10-06,10367864036,2.5
2026-10-06,10367864295,32
2026-10-06,10368018951,46
2026-10-06,10368019365,45.0
2026-10-06,10368019460,1.0
2026-10-06,10368448069,2.0
2026-10-06,10368480131,16
2026-10-06,10368505937,1.0
2026-10-06,10369195138,10.0
2026-10-06,10369948381,11
2026-10-06,10369948705,1.0
2026-10-06,10369968235,1.0
2026-10-06,10370783922,2.0
2026-10-06,10370789277,5
2026-10-06,10370791848,1.0
2026-10-06,10370801570,1.0
2026-10-06,10370801968,1.0
2026-10-06,10371278964,1.0
2026-10-06,10371370427,2.0
2026-10-06,10371454979,5
2026-10-06,10371461383,1.0
2026-10-06,10371671530,4
2026-10-06,10371785657,8
2026-10-06,10372002300,4
2026-10-06,10372522582,7
2026-10-06,10372522614,3.0
2026-10-06,10372535414,1.0
2026-10-06,10372982997,1.0
2026-10-06,10372985493,12.0
2026-10-06,10372996742,8
2026-10-06,10373000026,1.0
2026-10-06,10373000560,1.0
2026-10-06,10373000608,60
2026-10-06,10373007359,16
2026-10-06,10373009439,7
2026-10-06,10373013007,8
2026-10-06,10373057997,16
2026-10-06,10373058698,1.0
2026-10-06,10373582287,2.0
2026-10-06,10373609337,2.0
2026-10-06,10373647803,1.0
2026-10-06,10373816497,1.0
2026-10-06,10373816501,6.0
2026-10-06,10373816542,6.0
2026-10-06,10373816592,11.0
2026-10-06,10374649854,30
2026-10-06,10374825395,9.0
2026-10-06,10374826847,5.0
2026-10-06,10375667211,3
2026-10-06,10376615228,11.0
2026-10-06,10376631922,1.0
2026-10-06,10376632008,9.0
2026-10-06,10377230644,23
2026-10-06,10377238272,5
2026-10-06,10377238931,1.0
2026-10-06,10377266076,4.0
2026-10-06,10377641704,3
2026-10-06,10377897481,12.0
2026-10-06,10377897485,18.0
2026-10-06,10377897487,2.0
2026-10-06,10377897507,44.5
2026-10-06,10377897510,3.0
2026-10-06,10377897513,11
2026-10-06,10377897516,1.0
2026-10-06,10377897519,11.0
2026-10-06,10377897523,35
2026-10-06,10377897526,8
2026-10-06,10377897529,16
2026-10-06,10377897532,27.5
2026-10-06,10378847861,1.0
2026-10-06,10378971152,1.0
2026-10-06,10379021625,3
2026-10-06,10379192383,5
2026-10-06,10379202666,2.0
2026-10-06,10379205139,8.0
2026-10-06,10379205906,11.0
2026-10-06,10379209856,8
2026-10-06,10379318924,6.0
2026-10-06,10379328728,32
2026-10-06,10379331280,30
2026-10-06,10379399726,62.0
2026-10-06,10379399978,14.5
2026-10-06,10379399989,18.0
2026-10-06,10379400121,1.0
2026-10-06,10379400260,1.0
2026-10-06,10379400625,1.0
2026-10-06,10379400719,20.0
2026-10-06,10379400766,2.5
2026-10-06,10379401184,12.0
2026-10-06,10379401192,2.0
2026-10-06,10379401290,2.0
2026-10-06,10379401342,1.0
2026-10-06,10379401806,4.0
2026-10-06,10379401862,7.0
2026-10-06,10379402148,16
2026-10-06,10379402277,11.5
2026-10-06,10379402297,8.0
2026-10-06,10379402424,8.0
2026-10-06,10379402570,116.0
2026-10-06,10379402672,14.0
2026-10-06,10379402769,1.0
2026-10-06,10379402800,2.0
2026-10-06,10379402890,4
2026-10-06,10379402912,2.0
2026-10-06,10379402965,1.0
2026-10-06,10379402985,2.0
2026-10-06,10379403045,3
2026-10-06,10379403083,1.0
2026-10-06,10379403177,3
2026-10-06,10379403232,3
2026-10-06,10379403236,1.0
2026-10-06,10379403283,2.0
2026-10-06,10379403420,1.0
2026-10-06,10379403483,3.5
2026-10-06,10379403485,3.5
2026-10-06,10379403575,17.0
2026-10-06,10379403587,12.0
2026-10-06,10379403796,3.0
2026-10-06,10379403823,4.0
2026-10-06,10379404056,1.0
2026-10-06,10379404140,1.0
2026-10-06,10379404174,15
2026-10-06,10379404233,1.0
2026-10-06,10379404304,2.0
2026-10-06,10379404361,19
2026-10-06,10379404435,6
2026-10-06,10379404483,11
2026-10-06,10379404738,33.0
2026-10-06,10379404766,1.0
2026-10-06,10379405141,8
2026-10-06,10379454521,3
2026-10-06,10379456311,5
2026-10-06,10379457060,1.0
2026-10-06,10379457090,7
2026-10-06,10379457512,16
2026-10-06,10379460155,3
2026-10-06,10379461730,1.0
2026-10-06,10379462725,60
2026-10-06,10379463625,9.0
2026-10-06,10379463921,1.0
2026-10-06,10379464786,12.0
2026-10-06,10379465729,1.0
2026-10-06,10379467083,1.0
2026-10-06,10379467329,2.0
2026-10-06,10379467386,32
2026-10-06,10379470622,1.0
2026-10-06,10379472269,1.0
2026-10-06,10379472536,1.0
2026-10-06,10379474417,2.0
2026-10-06,10379474568,1.0
2026-10-06,10379474726,5.0
2026-10-06,10379475266,23.0
2026-10-06,10379475996,1.0
2026-10-06,10379476849,8.0
2026-10-06,10379478889,3
2026-10-06,10379488787,1.0
2026-10-06,10379489044,30
2026-10-06,10379489849,47.5
2026-10-06,10379504175,17.0
2026-10-06,10379509653,24
2026-10-06,10379512198,31.0
2026-10-06,10379515180,1.0
2026-10-06,10379524805,7.0
2026-10-06,10379525938,2.5
2026-10-06,10379556160,30
2026-10-06,10379720095,1.0
2026-10-06,10379720648,2.0
2026-10-06,10379721966,1.0
2026-10-06,10379722973,2.0
2026-10-06,10379797656,4.5
2026-10-06,10379816508,3.0
2026-10-06,10379842056,1.0
2026-10-06,10379845948,1.0
2026-10-06,10379933686,1.0
2026-10-06,10380195335,3.0
2026-10-06,10380203378,30
2026-10-06,10380250171,1.0
2026-10-06,10380250551,1.0
2026-10-06,10380253753,1.0
2026-10-06,10380257834,1.0
2026-10-06,10380259704,3
2026-10-06,10380262407,7
2026-10-06,10380314680,8.0
2026-10-06,10380828525,2.0
2026-10-06,10380838244,12.0
2026-10-06,10380838245,1.0
2026-10-06,10380838246,18.5
2026-10-06,10380838247,3
2026-10-06,10381765208,18.0
2026-10-06,10382148973,9.0
2026-10-06,10382310134,3
2026-10-06,10382378198,3.0
2026-10-06,10383140518,6.0
2026-10-06,10383140859,2.0
2026-10-06,10383140867,1.0
2026-10-06,10383147431,1.0
2026-10-06,10383249070,1.0
2026-10-06,10383249121,42.5
2026-10-06,10383250293,4.0
2026-10-06,10383250366,1.0
2026-10-06,10383973227,3
2026-10-06,10383973229,2.5
2026-10-06,10384319371,95
2026-10-06,10384320501,1.0
2026-10-06,10384413318,92.5
2026-10-06,10384659842,3
2026-10-06,10384660463,1.0
2026-10-06,10384660466,2.0
2026-10-06,10384660482,5.5
2026-10-06,10384706857,36.0
2026-10-06,10385039702,2.5
2026-10-06,10385042451,16
2026-10-06,10385045145,3
2026-10-06,10385045479,1.0
2026-10-06,10385046496,2.0
2026-10-06,10385046682,4.0
2026-10-06,10385046701,1.0
2026-10-06,10385047218,11
2026-10-06,10385047589,1.0
2026-10-06,10385048348,1.0
2026-10-06,10385048727,1.0
2026-10-06,10385048897,1.0
2026-10-06,10385049274,1.0
2026-10-06,10385050750,1.0
2026-10-06,10385051708,2.5
2026-10-06,10385053210,1.0
2026-10-06,10385085831,8
2026-10-06,10385190915,41
2026-10-06,10385190937,2.0
2026-10-06,10385566028,1.0
2026-10-06,10385646379,23.5
2026-10-06,10385646485,9.0
2026-10-06,10385697171,4
2026-10-06,10385698882,1.0
2026-10-06,10385700179,8
2026-10-06,10385702215,1.0
2026-10-06,10385704696,6.5
2026-10-06,10385705272,1.0
2026-10-06,10385705431,8
2026-10-06,10385706657,3
2026-10-06,10385706753,31.0
2026-10-06,10385706798,1.0
2026-10-06,10385707613,2.5
2026-10-06,10385708157,1.0
2026-10-06,10385708237,1.0
2026-10-06,10385709936,1.0
2026-10-06,10385713309,1.0
2026-10-06,10385771805,16
2026-10-06,10385779267,2.0
2026-10-06,10385780405,4.0
2026-10-06,10385783706,10
2026-10-06,10385788428,2.5
2026-10-06,10385789087,7
2026-10-06,10385791559,30
2026-10-06,10385792036,5
2026-10-06,10385792135,4
2026-10-06,10385792402,1.0
2026-10-06,10385793851,6.0
2026-10-06,10385794099,1.0
2026-10-06,10385794526,16
2026-10-06,10385794615,2.5
2026-10-06,10385794877,2.0
2026-10-06,10385795822,1.0
2026-10-06,10385796067,2.5
2026-10-06,10385796581,5.0
2026-10-06,10385798011,1.0
2026-10-06,10385911104,18.5
2026-10-06,10386908646,2.5
2026-10-06,10387474042,1.0
2026-10-06,10387474405,39
2026-10-06,10387475466,41
2026-10-06,10387475566,58.0
2026-10-06,10387476149,25.5
2026-10-06,10387788595,1.0
2026-10-06,10387827460,5.0
2026-10-06,10387830848,27
2026-10-06,10387831323,1.0
2026-10-06,10388278007,28.0
2026-10-06,10388410223,3
2026-10-06,10388447040,2.0
2026-10-06,10388472878,5
2026-10-06,10388727051,2.0
2026-10-06,10388788191,1.0
2026-10-06,10388788254,16
2026-10-06,10388790448,8
2026-10-06,10388792475,1.0
2026-10-06,10388792802,4
2026-10-06,10388792814,5
2026-10-06,10388794701,5.0
2026-10-06,10388794954,2.0
2026-10-06,10388795149,3.0
2026-10-06,10388796276,9.0
2026-10-06,10388799928,8.0
2026-10-06,10388800352,5.0
2026-10-06,10388804908,3.0
2026-10-06,10388805451,30
2026-10-06,10388808371,1.0
2026-10-06,10388811869,1.0
2026-10-06,10388814657,1.0
2026-10-06,10388815894,5
2026-10-06,10388817780,71
2026-10-06,10388818424,7
2026-10-06,10388819289,4
2026-10-06,10388820204,11.0
2026-10-06,10388831668,6.0
2026-10-06,10388832671,11
2026-10-06,10388833980,4.0
2026-10-06,10388834124,2.0
2026-10-06,10388834431,1.0
2026-10-06,10388836694,15.5
2026-10-06,10388840559,1.0
2026-10-06,10389012720,2.0
2026-10-06,10389167442,49.0
2026-10-06,10389168994,60
2026-10-06,10389291927,2.0
2026-10-06,10389319951,2.5
2026-10-06,10390047781,31.0
2026-10-06,10390051351,3.0
2026-10-06,10390058533,5.5
2026-10-06,10390059813,4
2026-10-06,10390059877,1.0
2026-10-06,10390059895,1.0
2026-10-06,10390059922,2.0
2026-10-06,10390063259,84.0
2026-10-06,10390063975,15
2026-10-06,10390755132,19.0
2026-10-06,10390951227,30
2026-10-06,10390953271,12.0
2026-10-06,10390953553,2.0
2026-10-06,10390954362,18.0
2026-10-06,10390954670,18.0
2026-10-06,10390954737,1.0
2026-10-06,10390954902,30
2026-10-06,10390955116,3
2026-10-06,10390955134,3
2026-10-06,10390955202,35.0
2026-10-06,10390955406,7
2026-10-06,10390955528,39.0
2026-10-06,10390955590,1.0
2026-10-06,10390956069,1.0
2026-10-06,10390957662,11
2026-10-06,10390961625,8
2026-10-06,10390961947,3
2026-10-06,10390961984,4.0
2026-10-06,10390962118,1.0
2026-10-06,10390962556,1.0
2026-10-06,10390962681,1.0
2026-10-06,10390963748,8
2026-10-06,10390964345,1.0
2026-10-06,10390964468,2.0
2026-10-06,10390964700,1.0
2026-10-06,10390964828,11
2026-10-06,10390964892,1.0
2026-10-06,10390964937,1.0
2026-10-06,10390965078,2.0
2026-10-06,10390965960,25
2026-10-06,10390966036,2.5
2026-10-06,10390969086,2.5
2026-10-06,10390969195,3
2026-10-06,10390969722,1.0
2026-10-06,10390970624,1.0
2026-10-06,10390970645,2.0
2026-10-06,10390970691,2.0
2026-10-06,10390970850,1.0
2026-10-06,10390970888,4
2026-10-06,10390970921,3
2026-10-06,10390972154,1.0
2026-10-06,10390972254,7
2026-10-06,10390972671,1.0
2026-10-06,10390973304,1.0
2026-10-06,10390973469,7
2026-10-06,10390974147,1.0
2026-10-06,10390974825,1.0
2026-10-06,10390975954,4
2026-10-06,10390976176,4.0
2026-10-06,10390976448,2.5
2026-10-06,10390976933,16
2026-10-06,10390977128,1.0
2026-10-06,10390977155,5
2026-10-06,10390977181,1.0
2026-10-06,10390977333,3
2026-10-06,10390977425,7
2026-10-06,10390977481,4
2026-10-06,10390978514,2.0
2026-10-06,10390978683,10.0
2026-10-06,10390981781,10.0
2026-10-06,10390981854,1.0
2026-10-06,10390981925,3
2026-10-06,10390982501,3
2026-10-06,10390983832,2.0
2026-10-06,10391011731,22
2026-10-06,10391012933,41
2026-10-06,10391013261,2.0
2026-10-06,10391014968,3
2026-10-06,10391015309,8
2026-10-06,10391015636,7
2026-10-06,10391018624,3.0
2026-10-06,10391160520,41
2026-10-06,10391169730,1.0
2026-10-06,10391169790,1.0
2026-10-06,10391169860,1.0
2026-10-06,10391169896,28
2026-10-06,10391170099,30
2026-10-06,10391170318,1.0
2026-10-06,10391839435,2.5
2026-10-06,10391839438,49.0
2026-10-06,10391839441,2.0
2026-10-06,10391839444,1.0
2026-10-06,10391839460,54
2026-10-06,10391839467,1.0
2026-10-06,10391963106,4.0
2026-10-06,10391964122,48.0
2026-10-06,10392169985,39.0
2026-10-06,10392170073,40.0
2026-10-06,10392316158,10
2026-10-06,10392327019,4.0
2026-10-06,10392328676,2.5
2026-10-06,10392329112,10.0
2026-10-06,10392336040,1.0
2026-10-06,10392337082,1.0
2026-10-06,10392337775,1.0
2026-10-06,10392339243,1.0
2026-10-06,10392339789,4.0
2026-10-06,10392339960,1.0
2026-10-06,10392340666,1.0
2026-10-06,10392350187,3.0
2026-10-06,10392351634,1.0
2026-10-06,10392372181,7
2026-10-06,10392381886,16
2026-10-06,10392385917,21
2026-10-06,10392387438,4.0
2026-10-06,10392391662,1.0
2026-10-06,10392393092,3
2026-10-06,10392415550,9.0
2026-10-06,10392415752,5
2026-10-06,10392418229,1.0
2026-10-06,10392425985,16
2026-10-06,10392426014,30
2026-10-06,10392427609,11
2026-10-06,10392427862,35.0
2026-10-06,10392427938,5
2026-10-06,10392429154,3
2026-10-06,10392429829,8
2026-10-06,10392437925,11
2026-10-06,10392446877,2.5
2026-10-06,10392635499,1.0
2026-10-06,10392647370,1.0
2026-10-06,10392693718,4.0
2026-10-06,10392833437,2.0
2026-10-06,10392836074,1.0
2026-10-06,10393185411,2.5
2026-10-06,10393254801,2.0
2026-10-06,10393255000,8
2026-10-06,10393255375,16
2026-10-06,10393255519,1.0
2026-10-06,10393400411,11
2026-10-06,10393644564,8
2026-10-06,10393644585,1.0
2026-10-06,10393659956,11
2026-10-06,10393660463,32.5
2026-10-06,10393690965,1.0
2026-10-06,10393949491,41
2026-10-06,10394080000,2.0
2026-10-06,10394118193,1.0
2026-10-06,10394237227,35
2026-10-06,10394585077,4.0
2026-10-06,10395079974,8
2026-10-06,10395150822,65.5
2026-10-06,10395382798,2.0
2026-10-06,10395758312,1.0
2026-10-06,10395764165,3.5
2026-10-06,10396108007,2.0
2026-10-06,10396131422,14
2026-10-06,10396775268,75.0
2026-10-06,10396775639,66.0
2026-10-06,10396797754,199.0
2026-10-06,10396803945,20
2026-10-06,10396841533,1.0
2026-10-06,10396847901,7.5
2026-10-06,10396850127,19
2026-10-06,10396852201,1.0
2026-10-06,10396857334,17
2026-10-06,10396860805,4.5
2026-10-06,10396862644,4.0
2026-10-06,10396864119,1.0
2026-10-06,10396865389,1.0
2026-10-06,10396866878,5.0
2026-10-06,10396867405,3.0
2026-10-06,10396871413,1.0
2026-10-06,10396872022,9
2026-10-06,10396878952,16
2026-10-06,10396879348,1.0
2026-10-06,10396883498,21
2026-10-06,10396883615,8
2026-10-06,10396883701,1.0
2026-10-06,10396883924,11.5
2026-10-06,10396884313,1.0
2026-10-06,10396884568,1.0
2026-10-06,10396884597,2.0
2026-10-06,10396884679,1.0
2026-10-06,10396884858,1.0
2026-10-06,10396885301,9.0
2026-10-06,10396885996,3.0
2026-10-06,10396886142,1.0
2026-10-06,10396886254,2.5
2026-10-06,10396888226,1.0
2026-10-06,10396889019,1.0
2026-10-06,10396891264,2.5
2026-10-06,10396895211,1.0
2026-10-06,10396895431,1.0
2026-10-06,10396898342,1.0
2026-10-06,10396900420,2.5
2026-10-06,10396900671,1.0
2026-10-06,10396902534,1.0
2026-10-06,10396903685,12
2026-10-06,10396911443,1.0
2026-10-06,10396912251,1.0
2026-10-06,10396917866,3.0
2026-10-06,10396930289,3
2026-10-06,10396930731,1.0
2026-10-06,10396935419,2.0
2026-10-06,10396941338,2.0
2026-10-06,10396942646,3
2026-10-06,10396951981,1.0
2026-10-06,10396954163,12
2026-10-06,10396954310,4.0
2026-10-06,10396956377,1.0
2026-10-06,10396959424,1.0
2026-10-06,10396967265,4.5
2026-10-06,10396970050,5.0
2026-10-06,10396971142,6.0
2026-10-06,10396973601,1.0
2026-10-06,10396976531,1.0
2026-10-06,10396980674,1.0
2026-10-06,10396991679,1.0
2026-10-06,10397002910,5
2026-10-06,10397016665,3.0
2026-10-06,10397017248,2.0
2026-10-06,10397021349,1.0
2026-10-06,10397023727,4.0
2026-10-06,10397026329,1.0
2026-10-06,10397029616,1.0
2026-10-06,10397031620,1.0
2026-10-06,10397031923,1.0
2026-10-06,10397034122,1.0
2026-10-06,10397045677,3.0
2026-10-06,10397047079,2.0
2026-10-06,10397048337,3.0
2026-10-06,10397050063,2.0
2026-10-06,10397050954,4
2026-10-06,10397052852,1.0
2026-10-06,10397057411,1.0
2026-10-06,10397067259,3
2026-10-06,10397073643,4.5
2026-10-06,10397091377,11
2026-10-06,10397104213,61.0
2026-10-06,10397107693,1.0
2026-10-06,10397228000,30
2026-10-06,10397277745,40.0
2026-10-06,10397281801,1.0
2026-10-06,10397285182,3.0
2026-10-06,10397294247,1.0
2026-10-06,10397294782,1.0
2026-10-06,10397296826,1.0
2026-10-06,10397300290,1.0
2026-10-06,10397301154,30
2026-10-06,10397303204,1.0
2026-10-06,10397303749,1.0
2026-10-06,10397303823,1.0
2026-10-06,10397304258,3.5
2026-10-06,10397304404,17.0
2026-10-06,10397304532,11
2026-10-06,10397305298,5.0
2026-10-06,10397305600,2.0
2026-10-06,10397306268,1.0
2026-10-06,10397307645,9.0
2026-10-06,10397316894,3
2026-10-06,10397325386,2.5
2026-10-06,10397325868,5.0
2026-10-06,10397326869,8
2026-10-06,10397327229,12.0
2026-10-06,10397327364,3
2026-10-06,10397327455,30
2026-10-06,10397327870,15
2026-10-06,10397328430,2.0
2026-10-06,10397328708,17.0
2026-10-06,10397328793,2.0
2026-10-06,10397328898,2.0
2026-10-06,10397329194,1.0
2026-10-06,10397329276,6.0
2026-10-06,10397329345,2.5
2026-10-06,10397329686,30
2026-10-06,10397330071,3
2026-10-06,10397330308,1.0
2026-10-06,10397330420,9.0
2026-10-06,10397330478,2.0
2026-10-06,10397330563,1.0
2026-10-06,10397330662,1.0
2026-10-06,10397331349,33
2026-10-06,10397331569,1.0
2026-10-06,10397331639,9.0
2026-10-06,10397331731,12.0
2026-10-06,10397331825,1.0
2026-10-06,10397332182,4
2026-10-06,10397333021,10.0
2026-10-06,10397333115,4.0
2026-10-06,10397333516,19
2026-10-06,10397333659,12
2026-10-06,10397333726,6.0
2026-10-06,10397334295,1.0
2026-10-06,10397334476,30.0
2026-10-06,10397334658,6.0
2026-10-06,10397335186,1.0
2026-10-06,10397335327,1.0
2026-10-06,10397335507,1.0
2026-10-06,10397335794,10.0
2026-10-06,10397335875,2.0
2026-10-06,10397336024,4
2026-10-06,10397336131,5.0
2026-10-06,10397336350,1.0
2026-10-06,10397336573,16
2026-10-06,10397336577,1.0
2026-10-06,10397336749,22
2026-10-06,10397336816,36.0
2026-10-06,10397337373,5.0
2026-10-06,10397337639,1.0
2026-10-06,10397337710,1.0
2026-10-06,10397338006,16.0
2026-10-06,10397338198,16
2026-10-06,10397338369,1.0
2026-10-06,10397338735,41
2026-10-06,10397339534,3
2026-10-06,10397339688,55.0
2026-10-06,10397340088,17.0
2026-10-06,10397340215,45.0
2026-10-06,10397340420,2.5
2026-10-06,10397340584,11
2026-10-06,10397341322,1.0
2026-10-06,10397341381,8.0
2026-10-06,10397341730,30
2026-10-06,10397342234,3
2026-10-06,10397342522,8
2026-10-06,10397342622,41
2026-10-06,10397342722,1.0
2026-10-06,10397342826,11.0
2026-10-06,10397343937,1.0
2026-10-06,10397346366,1.0
2026-10-06,10397346988,1.0
2026-10-06,10397352134,34
2026-10-06,10397354446,3
2026-10-06,10397375911,19
2026-10-06,10397376269,1.0
2026-10-06,10397377774,1.0
2026-10-06,10397377909,30
2026-10-06,10397377973,2.0
2026-10-06,10397378337,2.0
2026-10-06,10397380495,10.0
2026-10-06,10397380790,1.0
2026-10-06,10397381059,4.0
2026-10-06,10397381235,1.0
2026-10-06,10397381391,20.0
2026-10-06,10397381433,5
2026-10-06,10397382759,42.0
2026-10-06,10397383048,1.0
2026-10-06,10397383214,37
2026-10-06,10397383414,27
2026-10-06,10397383603,8
2026-10-06,10397384350,1.0
2026-10-06,10397384570,30
2026-10-06,10397384752,3
2026-10-06,10397384839,2.5
2026-10-06,10397384984,6.5
2026-10-06,10397386812,31.0
2026-10-06,10397387833,16
2026-10-06,10397387932,6
2026-10-06,10397388131,6.0
2026-10-06,10397389828,1.0
2026-10-06,10397390280,4
2026-10-06,10397390758,1.0
2026-10-06,10397394067,31.0
2026-10-06,10397394546,3
2026-10-06,10397394668,7.0
2026-10-06,10397394823,2.0
2026-10-06,10397395073,2.0
2026-10-06,10397395488,3
2026-10-06,10397398100,13
2026-10-06,10397398169,20.0
2026-10-06,10397398794,2.5
2026-10-06,10397398981,1.0
2026-10-06,10397399079,1.0
2026-10-06,10397399423,38
2026-10-06,10397399476,32
2026-10-06,10397399647,8
2026-10-06,10397399851,1.0
2026-10-06,10397399960,17.0
2026-10-06,10397400027,8.0
2026-10-06,10397400131,30.0
2026-10-06,10397400212,1.0
2026-10-06,10397400290,8
2026-10-06,10397400469,7.0
2026-10-06,10397400494,16
2026-10-06,10397400669,1.0
2026-10-06,10397400813,1.0
2026-10-06,10397400903,7
2026-10-06,10397401007,4.0
2026-10-06,10397401295,3
2026-10-06,10397405232,1.0
2026-10-06,10397405421,2.0
2026-10-06,10397405904,5
2026-10-06,10397409430,2.0
2026-10-06,10397409520,1.0
2026-10-06,10397409632,9.5
2026-10-06,10397410357,5
2026-10-06,10397417297,1.0
2026-10-06,10397423371,40
2026-10-06,10397435716,12.0
2026-10-06,10397435849,38.0
2026-10-06,10397435916,12
2026-10-06,10397436163,2.0
2026-10-06,10397436527,1.0
2026-10-06,10397436955,1.0
2026-10-06,10397437081,23
2026-10-06,10397437666,4
2026-10-06,10397437734,2.0
2026-10-06,10397437913,3.0
2026-10-06,10397437935,13.0
2026-10-06,10397438145,1.0
2026-10-06,10397438305,16
2026-10-06,10397438483,3.0
2026-10-06,10397438819,3.0
2026-10-06,10397438900,3.0
2026-10-06,10397439061,16.0
2026-10-06,10397439207,6.0
2026-10-06,10397439358,3.5
2026-10-06,10397439552,4.0
2026-10-06,10397439708,19.0
2026-10-06,10397439908,1.0
2026-10-06,10397440224,8.0
2026-10-06,10397440273,1.0
2026-10-06,10397440409,62.0
2026-10-06,10397440539,3
2026-10-06,10397440666,50.0
2026-10-06,10397440798,6.0
2026-10-06,10397440970,4.0
2026-10-06,10397441000,7
2026-10-06,10397441109,4.5
2026-10-06,10397441269,9.5
2026-10-06,10397441474,1.0
2026-10-06,10397441653,2.0
2026-10-06,10397441731,1.0
2026-10-06,10397441803,2.0
2026-10-06,10397441908,1.0
2026-10-06,10397442179,28
2026-10-06,10397442277,11
2026-10-06,10397442462,18.5
2026-10-06,10397442812,1.0
2026-10-06,10397443058,1.0
2026-10-06,10397443471,6.0
2026-10-06,10397547416,16
2026-10-06,10397776152,8.0
2026-10-06,10397805627,6.0
2026-10-06,10397805866,13.5
2026-10-06,10397927351,17.0
2026-10-06,10398147408,2.0
2026-10-06,10398151476,30
2026-10-06,10398151837,1.0
2026-10-06,10398152062,31.0
2026-10-06,10398152109,30
2026-10-06,10398152270,17.0
2026-10-06,10398152800,3
2026-10-06,10398153222,1.0
2026-10-06,10398153424,7
2026-10-06,10398153575,1.0
2026-10-06,10398153622,8
2026-10-06,10398153882,3
2026-10-06,10398412607,1.0
2026-10-06,10398771256,3
2026-10-06,10398841555,1.0
2026-10-06,10399179537,4
2026-10-06,10399326569,1.0
2026-10-06,10399681053,21
2026-10-06,10400328937,1.0
2026-10-06,10400335212,2.0
2026-10-06,10400859331,17.0
2026-10-06,10400861256,7
2026-10-06,10400959417,2.0
2026-10-06,10400963945,32.5
2026-10-06,10400965514,16
2026-10-06,10400973007,30
2026-10-06,10401002781,30
2026-10-06,10401009353,1.0
2026-10-06,10401012835,30
2026-10-06,10401016358,5
2026-10-06,10401016817,8
2026-10-06,10401018927,1.0
2026-10-06,10401024057,2.5
2026-10-06,10401026735,30
2026-10-06,10401027117,9
2026-10-06,10401027225,89
2026-10-06,10401029064,30
2026-10-06,10401031042,16
2026-10-06,10401032281,7.0
2026-10-06,10401032725,15
2026-10-06,10401034326,11
2026-10-06,10401035672,13
2026-10-06,10401039027,2.0
2026-10-06,10401040247,1.0
2026-10-06,10401041873,8.0
2026-10-06,10401042108,90
2026-10-06,10401042359,13.5
2026-10-06,10401042826,9.5
2026-10-06,10401043086,4.5
2026-10-06,10401044400,1.0
2026-10-06,10401044621,4
2026-10-06,10401045195,1.0
2026-10-06,10401046282,41
2026-10-06,10401048298,1.0
2026-10-06,10401048466,1.0
2026-10-06,10401048568,1.0
2026-10-06,10401050473,4.5
2026-10-06,10401050594,33
2026-10-06,10401056797,7
2026-10-06,10401056942,1.0
2026-10-06,10401056969,1.0
2026-10-06,10401587285,32.0
2026-10-06,10401587318,2.0
2026-10-06,10401807609,6
2026-10-06,10401808287,7
2026-10-06,10401809352,1.0
2026-10-06,10401809384,3
2026-10-06,10401809921,17.0
2026-10-06,10401811931,8
2026-10-06,10401811999,4
2026-10-06,10401812536,5
2026-10-06,10401812631,1.0
2026-10-06,10401812848,16.0
2026-10-06,10401812916,1.0
2026-10-06,10401813125,8
2026-10-06,10401813177,23
2026-10-06,10401813861,17.0
2026-10-06,10401920727,5
2026-10-06,10402456715,9.0
2026-10-06,10402457249,1.0
2026-10-06,10402458277,30
2026-10-06,10402458584,30
2026-10-06,10402458857,3
2026-10-06,10402459639,1.0
2026-10-06,10402461158,12
2026-10-06,10403107309,4
2026-10-06,10403126217,11
2026-10-06,10403128077,1.0
2026-10-06,10403159594,7
2026-10-06,10403161716,1.0
2026-10-06,10403162923,14.0
2026-10-06,10403163235,12.0
2026-10-06,10403164826,16
2026-10-06,10403166394,1.0
2026-10-06,10403173978,1.0
2026-10-06,10403174685,11
2026-10-06,10403175658,30
2026-10-06,10403178427,1.0
2026-10-06,10403181611,4
2026-10-06,10403196551,3
2026-10-06,10403199924,35
2026-10-06,10403200598,1.0
2026-10-06,10403203472,8.0
2026-10-06,10403205530,3.0
2026-10-06,10403209943,5
2026-10-06,10403212796,25.0
2026-10-06,10403224533,2.0
2026-10-06,10403225130,23
2026-10-06,10403233126,16.0
2026-10-06,10403240702,1.0
2026-10-06,10403246625,3
2026-10-06,10403255594,23.5
2026-10-06,10403257197,9.0
2026-10-06,10403265597,20.0
2026-10-06,10403266220,8.0
2026-10-06,10403272653,3
2026-10-06,10403273444,1.0
2026-10-06,10403276897,3.5
2026-10-06,10403278114,7
2026-10-06,10403284294,1.0
2026-10-06,10403358807,3
2026-10-06,10403361102,2.0
2026-10-06,10403380023,3.0
2026-10-06,10403380160,2.0
2026-10-06,10403382926,2.0
2026-10-06,10403386886,1.0
2026-10-06,10403387269,9
2026-10-06,10403387276,1.0
2026-10-06,10403410007,12.0
2026-10-06,10403415498,5
2026-10-06,10403420378,1.0
2026-10-06,10404039162,2.5
2026-10-06,10404070791,1.0
2026-10-06,10404094297,1.0
2026-10-06,10404097915,19
2026-10-06,10404115322,1.0
2026-10-06,10404118562,30
2026-10-06,10404121735,1.0
2026-10-06,10404121836,2.5
2026-10-06,10404146222,1.0
2026-10-06,10404159948,3
2026-10-06,10404166308,1.0
2026-10-06,10404177066,3
2026-10-06,10404179363,7
2026-10-06,10404196001,11
2026-10-06,10404197032,2.0
2026-10-06,10404209041,1.0
2026-10-06,10404225510,1.0
2026-10-06,10404251965,34.5
2026-10-06,10404333347,7
2026-10-06,10404339576,2.0
2026-10-06,10404340544,1.0
2026-10-06,10404340560,5.0
2026-10-06,10404630451,5
2026-10-06,10404656812,3.0
2026-10-06,10404663575,1.0
2026-10-06,10404669140,1.0
2026-10-06,10404674628,3
2026-10-06,10404678540,46
2026-10-06,10404685926,16
2026-10-06,10404691204,1.0
2026-10-06,10404691412,1.0
2026-10-06,10404755106,40
2026-10-06,10404837519,11
2026-10-06,10404841706,1.0
2026-10-06,10404963700,1.0
2026-10-06,10404972866,8
2026-10-06,10405049906,8
2026-10-06,10405049910,3
2026-10-06,10405062695,1.0
2026-10-06,10405063415,21
2026-10-06,10405063421,3
2026-10-06,10405129782,8
2026-10-06,10405236665,1.0
2026-10-06,10405486456,2.0
2026-10-06,10405550028,4
2026-10-06,10405570647,11
2026-10-06,10405582742,11
2026-10-06,10405599870,3
2026-10-06,10405600277,1.0
2026-10-06,10405600340,5
2026-10-06,10405601246,7
2026-10-06,10405602436,1.0
2026-10-06,10405602905,1.0
2026-10-06,10405603213,1.0
2026-10-06,10405603392,8
2026-10-06,10405604734,1.0
2026-10-06,10405606826,1.0
2026-10-06,10405607652,3
2026-10-06,10405609144,11
2026-10-06,10405611186,1.0
2026-10-06,10405615044,16
2026-10-06,10405618035,3
2026-10-06,10405618738,1.0
2026-10-06,10405621623,1.0
2026-10-06,10405622339,4
2026-10-06,10405622549,5
2026-10-06,10405624517,1.0
2026-10-06,10405626186,4
2026-10-06,10405627039,1.0
2026-10-06,10405629397,18
2026-10-06,10405629484,16.0
2026-10-06,10405629888,124
2026-10-06,10405630884,8.0
2026-10-06,10405631343,1.0
2026-10-06,10405631399,1.0
2026-10-06,10405633169,4
2026-10-06,10405633312,86
2026-10-06,10405633979,3.5
2026-10-06,10405634531,1.0
2026-10-06,10405635596,3.0
2026-10-06,10405635655,2.5
2026-10-06,10405635745,3
2026-10-06,10405636028,2.0
2026-10-06,10405636949,2.5
2026-10-06,10405637007,1.0
2026-10-06,10405637491,1.0
2026-10-06,10405637605,1.0
2026-10-06,10405638175,1.0
2026-10-06,10405638267,1.0
2026-10-06,10405638562,4.0
2026-10-06,10405639015,1.0
2026-10-06,10405639631,4
2026-10-06,10405639732,3
2026-10-06,10405640286,2.0
2026-10-06,10405640692,1.0
2026-10-06,10405640711,1.0
2026-10-06,10405640814,6
2026-10-06,10405640987,1.0
2026-10-06,10405641305,1.0
2026-10-06,10405641519,2.0
2026-10-06,10405642612,1.0
2026-10-06,10405642813,8
2026-10-06,10405643676,30
2026-10-06,10405643975,7
2026-10-06,10405644294,27
2026-10-06,10405644421,1.0
2026-10-06,10405644622,5
2026-10-06,10405646488,1.0
2026-10-06,10405646718,17.0
2026-10-06,10405646899,3
2026-10-06,10405647437,1.0
2026-10-06,10405650697,1.0
2026-10-06,10405651299,1.0
2026-10-06,10405651668,1.0
2026-10-06,10405658091,3
2026-10-06,10405659953,30
2026-10-06,10405661469,1.0
2026-10-06,10405663395,1.0
2026-10-06,10405663930,1.0
2026-10-06,10405667157,1.0
2026-10-06,10405669176,1.0
2026-10-06,10405671060,3
2026-10-06,10405671501,5
2026-10-06,10405672338,48
2026-10-06,10405672909,3.0
2026-10-06,10405677012,5
2026-10-06,10405677487,5.5
2026-10-06,10405677756,11
2026-10-06,10405681974,4
2026-10-06,10405684757,1.0
2026-10-06,10405685136,7
2026-10-06,10405685552,7
2026-10-06,10405690654,2.5
2026-10-06,10405691452,1.0
2026-10-06,10405692744,3
2026-10-06,10405692911,1.0
2026-10-06,10405692958,8
2026-10-06,10405694794,3
2026-10-06,10405695094,1.0
2026-10-06,10405695596,1.0
2026-10-06,10405695769,7
2026-10-06,10405695875,1.0
2026-10-06,10405696039,1.0
2026-10-06,10405696914,1.0
2026-10-06,10405697060,1.0
2026-10-06,10405697932,5
2026-10-06,10405698268,3
2026-10-06,10405699231,30
2026-10-06,10405699467,1.0
2026-10-06,10405699502,1.0
2026-10-06,10405699834,1.0
2026-10-06,10405700356,1.0
2026-10-06,10405701187,1.0
2026-10-06,10405707727,4
2026-10-06,10405711473,1.0
2026-10-06,10405845337,8
2026-10-06,10405851563,11
2026-10-06,10405851645,38
2026-10-06,10405892543,9.0
2026-10-06,10405921138,15.0
2026-10-06,10405968151,18
2026-10-06,10405968165,3.0
2026-10-06,10405980958,14.0
2026-10-06,10405982569,3.0
2026-10-06,10406115260,2.0
2026-10-06,10406116564,4
2026-10-06,10406121236,1.0
2026-10-06,10406181088,30
2026-10-06,10406183606,5.0
2026-10-06,10406184774,11
2026-10-06,10406189161,1.0
2026-10-06,10406191341,13
2026-10-06,10406191799,6.0
2026-10-06,10406192300,4
2026-10-06,10406196175,16
2026-10-06,10406200648,8
2026-10-06,10406202320,30
2026-10-06,10406203677,30
2026-10-06,10406204554,4
2026-10-06,10406205204,3.0
2026-10-06,10406207397,11
2026-10-06,10406217627,1.0
2026-10-06,10406219577,7
2026-10-06,10406222402,9.0
2026-10-06,10406225418,3
2026-10-06,10406226493,11
2026-10-06,10406226730,1.0
2026-10-06,10406228727,1.0
2026-10-06,10406229023,2.5
2026-10-06,10406229373,8
2026-10-06,10406230117,1.0
2026-10-06,10406232888,22
2026-10-06,10406233160,5
2026-10-06,10406336212,43
2026-10-06,10406339839,13.0
2026-10-06,10406340641,16.0
2026-10-06,10406354893,40.0
2026-10-06,10406369887,1.0
2026-10-06,10406371922,1.0
2026-10-06,10406506592,3
2026-10-06,10406612551,9.0
2026-10-06,10406699799,25
2026-10-06,10406700138,3.5
2026-10-06,10406712126,1.0
2026-10-06,10406716162,7
2026-10-06,10406722706,3.0
2026-10-06,10406722934,40.0
2026-10-06,10406723314,4
2026-10-06,10406747195,57
2026-10-06,10406763824,14
2026-10-06,10406763988,8
2026-10-06,10406764208,1.0
2026-10-06,10406764650,3.5
2026-10-06,10406764653,1.0
2026-10-06,10406788169,23
2026-10-06,10406792103,8
2026-10-06,10406792474,82.0
2026-10-06,10406792520,5
2026-10-06,10406792679,30
2026-10-06,10406805039,1.0
2026-10-06,10406815638,1.0
2026-10-06,10406815643,11.0
2026-10-06,10407058927,1.0
2026-10-06,10407079730,30
2026-10-06,10407089199,1.0
2026-10-06,10407100528,2.0
2026-10-06,10407115527,11
2026-10-06,10407123485,2.5
2026-10-06,10407127399,3
2026-10-06,10407137557,1.0
2026-10-06,10407150596,1.0
2026-10-06,10407150824,17.0
2026-10-06,10407150909,5.5
2026-10-06,10407193388,1.0
2026-10-06,10407195277,7
2026-10-06,10407195643,5
2026-10-06,10407236229,4
2026-10-06,10407250739,1.0
2026-10-06,10407253920,1.0
2026-10-06,10407256959,3
2026-10-06,10407272288,1.0
2026-10-06,10407359069,1.0
2026-10-06,10407373066,8.0
2026-10-06,10407374314,11
2026-10-06,10407374777,17.0
2026-10-06,10407374821,13.0
2026-10-06,10407375960,1.0
2026-10-06,10407376609,2.0
2026-10-06,10407376693,3.5
2026-10-06,10407376970,60
2026-10-06,10407376973,22
2026-10-06,10407393377,4
2026-10-06,10407393466,2.0
2026-10-06,10407393676,32.0
2026-10-06,10407396571,1.0
2026-10-06,10407399201,2.0
2026-10-06,10407399299,2.0
2026-10-06,10407401381,1.0
2026-10-06,10407401654,8
2026-10-06,10407410617,1.0
2026-10-06,10407410920,16
2026-10-06,10407411322,38
2026-10-06,10407413651,16
2026-10-06,10407415392,8.0
2026-10-06,10407417098,7
2026-10-06,10407417224,13.0
2026-10-06,10407417313,1.0
2026-10-06,10407421278,3
2026-10-06,10407421437,2.5
2026-10-06,10407438305,10.0
2026-10-06,10407545604,2.0
2026-10-06,10407546280,5.0
2026-10-06,10407547935,1.0
2026-10-06,10407558325,1.0
2026-10-06,10407560727,39.0
2026-10-06,10407561655,1.0
2026-10-06,10407561799,1.0
2026-10-06,10407565623,1.0
2026-10-06,10407570750,8
2026-10-06,10407571177,1.0
2026-10-06,10407571229,1.0
2026-10-06,10407571530,1.0
2026-10-06,10407571548,16
2026-10-06,10407571593,3.0
2026-10-06,10407571924,3
2026-10-06,10407572103,24
2026-10-06,10407615555,1.0
2026-10-06,10407630920,2.0
2026-10-06,10407670421,2.0
2026-10-06,10407682918,3.0
2026-10-06,10407683428,5.0
2026-10-06,10407722301,3
2026-10-06,10407722638,2.5
2026-10-06,10407751348,1.0
2026-10-06,10407886478,2.0
2026-10-06,10408057356,1.0
2026-10-06,10408065221,1.0
2026-10-06,10408085894,1.0
2026-10-06,10408088914,9.0
2026-10-06,10408096246,1.0
2026-10-06,10408107750,1.0
2026-10-06,10408108987,1.0
2026-10-06,10408109973,3.0
2026-10-06,10408114131,1.0
2026-10-06,10408135400,1.0
2026-10-06,10408138392,1.0
2026-10-06,10408152508,4.5
2026-10-06,10408153492,1.0
2026-10-06,10408168659,6.0
2026-10-06,10408173033,1.0
2026-10-06,10408197921,3
2026-10-06,10408198037,1.0
2026-10-06,10408203901,1.0
2026-10-06,10408212099,30
2026-10-06,10408212310,16
2026-10-06,10408321540,3
2026-10-06,10408325105,2.0
2026-10-06,10408326560,3.5
2026-10-06,10408326631,8.0
2026-10-06,10408326712,31.0
2026-10-06,10408326914,3
2026-10-06,10408355439,6.0
2026-10-06,10408356493,1.0
2026-10-06,10408356537,16
2026-10-06,10408366239,3
2026-10-06,10408367141,17.0
2026-10-06,10408375904,3
2026-10-06,10408378840,2.0
2026-10-06,10408378880,1.0
2026-10-06,10408390091,18.0
2026-10-06,10408390114,11.0
2026-10-06,10408390368,32
2026-10-06,10408390381,17.0
2026-10-06,10408390663,11
2026-10-06,10408403018,3.5
2026-10-06,10408406090,22.0
2026-10-06,10408408006,6.0
2026-10-06,10408501212,1.0
2026-10-06,10408501414,11
2026-10-06,10408502765,5
2026-10-06,10408504622,8
2026-10-06,10408505906,31
2026-10-06,10408506918,16
2026-10-06,10408507218,5.0
2026-10-06,10408508232,2.0
2026-10-06,10408508281,1.0
2026-10-06,10408508368,12.0
2026-10-06,10408509698,1.0
2026-10-06,10408509873,1.0
2026-10-06,10408510036,2.5
2026-10-06,10408510243,1.0
2026-10-06,10408510871,6.0
2026-10-06,10408515941,1.0
2026-10-06,10408515974,12.0
2026-10-06,10408516138,3.0
2026-10-06,10408516351,9.0
2026-10-06,10408516471,3
2026-10-06,10408517143,3.5
2026-10-06,10408517190,1.0
2026-10-06,10408517388,1.0
2026-10-06,10408522142,7
2026-10-06,10408522238,2.5
2026-10-06,10408522414,41
2026-10-06,10408705681,2.0
2026-10-06,10408902670,1.0
2026-10-06,10408927215,73
2026-10-06,10408929944,1.0
2026-10-06,10408929946,1.0
2026-10-06,10408937936,1.0
2026-10-06,10409360567,1.0
2026-10-06,10409364981,7
2026-10-06,10409365147,8.0
2026-10-06,10409380035,1.0
2026-10-06,10409431836,8
2026-10-06,10409441308,1.0
2026-10-06,10409441764,1.0
2026-10-06,10409474582,5.0
2026-10-06,10409495112,25.0
2026-10-06,10409500901,28.0
2026-10-06,10409504250,7.0
2026-10-06,10409505377,87.0
2026-10-06,10409507471,17.0
2026-10-06,10409509908,1.0
2026-10-06,10409525836,1.0
2026-10-06,10409546844,104
2026-10-06,10409569177,30
2026-10-06,10409572124,2.0
2026-10-06,10409573186,3
2026-10-06,10409574384,30
2026-10-06,10409574897,30
2026-10-06,10409576165,1.0
2026-10-06,10409576957,7
2026-10-06,10409580093,1.0
2026-10-06,10409581106,3.0
2026-10-06,10409585928,8
2026-10-06,10409587847,3
2026-10-06,10409588954,2.5
2026-10-06,10409589956,9.0
2026-10-06,10409591268,1.0
2026-10-06,10409595620,62.0
2026-10-06,10409597217,33.0
2026-10-06,10409598499,1.0
2026-10-06,10409598864,17.0
2026-10-06,10409599399,11
2026-10-06,10409603688,1.0
2026-10-06,10409607721,3.0
2026-10-06,10409609715,16
2026-10-06,10409610715,16
2026-10-06,10409612640,54
2026-10-06,10409614035,2.5
2026-10-06,10409616432,16.0
2026-10-06,10409616682,22
2026-10-06,10409616755,10
2026-10-06,10409619907,5
2026-10-06,10409621417,39.0
2026-10-06,10409621444,1.0
2026-10-06,10409623077,1.0
2026-10-06,10409646360,1.0
2026-10-06,10409649108,3
2026-10-06,10409659582,1.0
2026-10-06,10409780036,1.0
2026-10-06,10409781594,3
2026-10-06,10409782706,3
2026-10-06,10409825862,4.0
2026-10-06,10409825968,3
2026-10-06,10409825995,3
2026-10-06,10409826536,8
2026-10-06,10409826569,1.0
2026-10-06,10409826586,2.5
2026-10-06,10409826605,1.0
2026-10-06,10409960478,11
2026-10-06,10409961608,1.0
2026-10-06,10409961681,1.0
2026-10-06,10409962000,7
2026-10-06,10409962090,1.0
2026-10-06,10409962167,1.0
2026-10-06,10409962713,5
2026-10-06,10409968369,7.0
2026-10-06,10409969681,2.0
2026-10-06,10409971475,1.0
2026-10-06,10409974665,2.0
2026-10-06,10409976051,2.5
2026-10-06,10409977807,1.0
2026-10-06,10409979348,1.0
2026-10-06,10409980433,1.0
2026-10-06,10409996683,4
2026-10-06,10410013640,3
2026-10-06,10410018203,2.5
2026-10-06,10410023727,1.0
2026-10-06,10410032516,3
2026-10-06,10410045241,8
2026-10-06,10410048694,1.0
2026-10-06,10410049541,1.0
2026-10-06,10410050308,22
2026-10-06,10410098848,3
2026-10-06,10410109950,1.0
2026-10-06,10410110286,16
2026-10-06,10410110360,5
2026-10-06,10410114027,1.0
2026-10-06,10410148387,1.0
2026-10-06,10410319345,5.0
2026-10-06,10410319346,2.0
2026-10-06,10410404715,1.0
2026-10-06,10410410914,2.0
2026-10-06,10410410927,2.0
2026-10-06,10410559269,1.0
2026-10-06,10410575364,1.0
2026-10-06,10410585647,1.0
2026-10-06,10410679575,3.0
2026-10-06,10410682558,11
2026-10-06,10410687271,2.0
2026-10-06,10410687965,1.0
2026-10-06,10410835460,1.0
2026-10-06,10410838687,1.0
2026-10-06,10410841504,7
2026-10-06,10410850797,4
2026-10-06,10410865094,12
2026-10-06,10410878817,49
2026-10-06,10410887420,30
2026-10-06,10410891646,7.0
2026-10-06,10410897904,6
2026-10-06,10410900250,1.0
2026-10-06,10410902372,1.0
2026-10-06,10410902871,3.5
2026-10-06,10410908249,1.0
2026-10-06,10410909000,3
2026-10-06,10410909551,7
2026-10-06,10410910024,4
2026-10-06,10410910763,5.0
2026-10-06,10410911118,5
2026-10-06,10410922188,2.5
2026-10-06,10410922443,2.0
2026-10-06,10410922705,31.0
2026-10-06,10410922759,3
2026-10-06,10410923017,2.5
2026-10-06,10410923240,33
2026-10-06,10410923450,3
2026-10-06,10410923848,1.0
2026-10-06,10410925200,2.0
2026-10-06,10410931773,11
2026-10-06,10410931962,3
2026-10-06,10410932501,25.5
2026-10-06,10411012574,1.0
2026-10-06,10411035606,10
2026-10-06,10411036809,2.0
2026-10-06,10411038755,2.0
2026-10-06,10411042696,3.0
2026-10-06,10411201574,8
2026-10-06,10411203674,1.0
2026-10-06,10411209960,4.0
2026-10-06,10411213365,11
2026-10-06,10411251988,7
2026-10-06,10411253024,24
2026-10-06,10411254774,1.0
2026-10-06,10411255655,24.5
2026-10-06,10411258682,15.0
2026-10-06,10411258849,82.0
2026-10-06,10411262042,30
2026-10-06,10411262216,14
2026-10-06,10411485004,4
2026-10-06,10411487741,2.0
2026-10-06,10411491342,3.0
2026-10-06,10411491692,5.5
2026-10-06,10411491990,1.0
2026-10-06,10411493845,2.0
2026-10-06,10411503737,1.0
2026-10-06,10411511861,4
2026-10-06,10411519518,7
2026-10-06,10411523242,1.0
2026-10-06,10411529221,6
2026-10-06,10411538016,3
2026-10-06,10411544305,1.0
2026-10-06,10411547197,1.0
2026-10-06,10411585561,46
2026-10-06,10411590137,1.0
2026-10-06,10411604243,2.0
2026-10-06,10411608211,1.0
2026-10-06,10411608757,1.0
2026-10-06,10411620683,1.0
2026-10-06,10411621756,22
2026-10-06,10411621981,1.0
2026-10-06,10411622722,90
2026-10-06,10411623708,1.0
2026-10-06,10411624812,3
2026-10-06,10411625191,16
2026-10-06,10411626851,4.0
2026-10-06,10411637391,1.0
2026-10-06,10411661650,32
2026-10-06,10411672272,72.0
2026-10-06,10411674769,1.0
2026-10-06,10411679821,1.0
2026-10-06,10411680601,5
2026-10-06,10411681889,9
2026-10-06,10411682538,8
2026-10-06,10411682937,18
2026-10-06,10411683586,1.0
2026-10-06,10411685182,30
2026-10-06,10411685537,1.0
2026-10-06,10411685961,16
2026-10-06,10411691348,2.5
2026-10-06,10411694176,5.0
2026-10-06,10411695659,2.0
2026-10-06,10411696116,5.0
2026-10-06,10411705465,2.0
2026-10-06,10411721943,17.0
2026-10-06,10411730329,1.0
2026-10-06,10411732760,8
2026-10-06,10411737053,3.5
2026-10-06,10411739416,13.5
2026-10-06,10411746823,3
2026-10-06,10411747728,3.0
2026-10-06,10411749882,60
2026-10-06,10411998322,5.0
2026-10-06,10412003970,1.0
2026-10-06,10412005524,2.5
2026-10-06,10412005860,6.5
2026-10-06,10412029449,5.0
2026-10-06,10412030837,1.0
2026-10-06,10412030987,23.0
2026-10-06,10412068746,10
2026-10-06,10412077026,2.0
2026-10-06,10412084072,2.0
2026-10-06,10412106986,2.0
2026-10-06,10412108025,3.5
2026-10-06,10412108176,1.0
2026-10-06,10412108305,1.0
2026-10-06,10412113662,4
2026-10-06,10412115369,2.0
2026-10-06,10412115950,1.0
2026-10-06,10412120426,2.0
2026-10-06,10412140581,5.0
2026-10-06,10412141068,2.0
2026-10-06,10412149898,3.0
2026-10-06,10412150337,7
2026-10-06,10412150473,1.0
2026-10-06,10412161415,1.0
2026-10-06,10412164705,1.0
2026-10-06,10412166032,1.0
2026-10-06,10412562176,8
2026-10-06,10412565429,22
2026-10-06,10412574096,10.0
2026-10-06,10412574191,11.0
2026-10-06,10412580910,2.0
2026-10-06,10412603500,5
2026-10-06,10412603649,3
2026-10-06,10412616648,1.0
2026-10-06,10412629413,1.0
2026-10-06,10412667225,1.0
2026-10-06,10412670907,1.0
2026-10-06,10412672043,1.0
2026-10-06,10412673207,2.5
2026-10-06,10412677537,1.0
2026-10-06,10412688333,9.0
2026-10-06,10412689712,5
2026-10-06,10412690044,2.0
2026-10-06,10412716198,18
2026-10-06,10412722324,17.0
2026-10-06,10412722934,1.0
2026-10-06,10412769300,7
2026-10-06,10412773161,3
2026-10-06,10412816163,2.5
2026-10-06,10412838834,1.0
2026-10-06,10412839318,3
2026-10-06,10412911277,29
2026-10-06,10412915473,1.0
2026-10-06,10412916957,1.0
2026-10-06,10412923101,20.0
2026-10-06,10412923529,38
2026-10-06,10413115901,1.0
2026-10-06,10413350458,4.0
2026-10-06,10413351131,7.0
2026-10-06,10413353164,1.0
2026-10-06,10413353360,7
2026-10-06,10413367961,3.0
2026-10-06,10413371046,36
2026-10-06,10413371058,1.0
2026-10-06,10413376275,3.0
2026-10-06,10413377140,5.0
2026-10-06,10413377339,1.0
2026-10-06,10413378966,37
2026-10-06,10413613815,1.0
2026-10-06,10413785733,2.0
2026-10-06,10413786954,5.0
2026-10-06,10413797439,1.0
2026-10-06,10413816792,2.0
2026-10-06,10413817898,43.0
2026-10-06,10413819641,2.0
2026-10-06,10413821695,16
2026-10-06,10413997638,1.0
2026-10-06,10414000484,11
2026-10-06,10414010335,17.0
2026-10-06,10414011216,1.0
2026-10-06,10414012749,16
2026-10-06,10414013035,1.0
2026-10-06,10414013528,1.0
2026-10-06,10414013710,1.0
2026-10-06,10414017340,73
2026-10-06,10414017343,90
2026-10-06,10414017937,1.0
2026-10-06,10414066292,3.0
2026-10-06,10414067221,4
2026-10-06,10414067491,23.0
2026-10-06,10414142228,16
2026-10-06,10414150355,6.0
2026-10-06,10414158926,4.5
2026-10-06,10414227700,1.0
2026-10-06,10414227948,1.0
2026-10-06,10414228700,11
2026-10-06,10414230176,8
2026-10-06,10414230613,12.0
2026-10-06,10414238361,8.0
2026-10-06,10414238639,1.0
2026-10-06,10414247968,1.0
2026-10-06,10414263083,12.0
2026-10-06,10414267001,32.5
2026-10-06,10414273635,39.5
2026-10-06,10414274890,1.0
2026-10-06,10414290099,3
2026-10-06,10414296841,1.0
2026-10-06,10414297961,1.0
2026-10-06,10414299238,1.0
2026-10-06,10414300983,3
2026-10-06,10414301104,25
2026-10-06,10414391420,6
2026-10-06,10414391853,1.0
2026-10-06,10414395326,1.0
2026-10-06,10414396222,1.0
2026-10-06,10414396301,1.0
2026-10-06,10414397126,7
2026-10-06,10414397291,6
2026-10-06,10414398417,34
2026-10-06,10414398501,1.0
2026-10-06,10414399167,3.5
2026-10-06,10414403612,37.5
2026-10-06,10414403633,1.0
2026-10-06,10414404447,2.0
2026-10-06,10414406831,6.5
2026-10-06,10414407814,7
2026-10-06,10414408181,1.0
2026-10-06,10414412315,30
2026-10-06,10414412472,1.0
2026-10-06,10414416920,42.0
2026-10-06,10414428540,16
2026-10-06,10414428933,1.0
2026-10-06,10414429418,2.5
2026-10-06,10414429808,1.0
2026-10-06,10414430239,1.0
2026-10-06,10414430595,3
2026-10-06,10414431422,2.5
2026-10-06,10414431656,1.0
2026-10-06,10414432732,5
2026-10-06,10414433186,1.0
2026-10-06,10414434355,1.0
2026-10-06,10414435354,1.0
2026-10-06,10414435393,2.0
2026-10-06,10414437044,1.0
2026-10-06,10414437309,8
2026-10-06,10414437354,7
2026-10-06,10414437460,32
2026-10-06,10414439984,1.0
2026-10-06,10414444242,1.0
2026-10-06,10414444599,1.0
2026-10-06,10414445518,11
2026-10-06,10414445988,4
2026-10-06,10414447493,3
2026-10-06,10414449020,4
2026-10-06,10414450235,12.0
2026-10-06,10414450499,7
2026-10-06,10414452121,1.0
2026-10-06,10414452286,1.0
2026-10-06,10414452321,1.0
2026-10-06,10414455243,5
2026-10-06,10414455819,1.0
2026-10-06,10414457416,30
2026-10-06,10414460614,5
2026-10-06,10414461041,1.0
2026-10-06,10414462112,1.0
2026-10-06,10414463144,1.0
2026-10-06,10414486897,5.0
2026-10-06,10414494057,5
2026-10-06,10414497775,24
2026-10-06,10414497848,1.0
2026-10-06,10414514084,1.0
2026-10-06,10414514442,8
2026-10-06,10414522958,7
2026-10-06,10414524936,30.0
2026-10-06,10414526927,5.0
2026-10-06,10414526947,61.0
2026-10-06,10414527035,8.0
2026-10-06,10414527882,1.0
2026-10-06,10414534211,1.0
2026-10-06,10414534864,1.0
2026-10-06,10414536775,11.0
2026-10-06,10414536968,5.5
2026-10-06,10414537564,1.0
2026-10-06,10414537949,4.0
2026-10-06,10414542489,4.0
2026-10-06,10414543473,18.0
2026-10-06,10414570996,1.0
2026-10-06,10414571065,5.0
2026-10-06,10414571147,2.0
2026-10-06,10414583413,27
2026-10-06,10414595674,2.0
2026-10-06,10414596402,1.0
2026-10-06,10414604600,5
2026-10-06,10414604608,5
2026-10-06,10414640132,7
2026-10-06,10414642126,4
2026-10-06,10414650131,7
2026-10-06,10414652142,2.0
2026-10-06,10414662135,3.5
2026-10-06,10414686126,8
2026-10-06,10414693154,6.0
2026-10-06,10414695138,3.0
2026-10-06,10414715223,26.0
2026-10-06,10414727170,2.0
2026-10-06,10414737165,8
2026-10-06,10414738143,3
2026-10-06,10414739017,1.0
2026-10-06,10414739146,5
2026-10-06,10414741025,1.0
2026-10-06,10414741169,2.0
2026-10-06,10414747168,2.0
2026-10-06,10414750237,9.0
2026-10-06,10414754135,4.0
2026-10-06,10414758444,1.0
2026-10-06,10414762389,30
2026-10-06,10414771134,11
2026-10-06,10414771383,2.0
2026-10-06,10414773411,2.5
2026-10-06,10414792161,5
2026-10-06,10414793400,2.0
2026-10-06,10414794144,1.0
2026-10-06,10414815495,19.0
2026-10-06,10414828401,2.0
2026-10-06,10414829137,2.0
2026-10-06,10414830157,2.0
2026-10-06,10414862143,5
2026-10-06,10414863386,41.5
2026-10-06,10414876225,2.0
2026-10-06,10414892404,4
2026-10-06,10414893159,3
2026-10-06,10414895136,8
2026-10-06,10414902153,1.0
2026-10-06,10414924096,27.0
2026-10-06,10414939176,16
2026-10-06,10414954135,12
2026-10-06,10414959134,32.0
2026-10-06,10414972440,1.0
2026-10-06,10414973219,11
2026-10-06,10414977747,2.0
2026-10-06,10414979551,4
2026-10-06,10414980858,16
2026-10-06,10414981573,6.0
2026-10-06,10414982333,14
2026-10-06,10414982373,30
2026-10-06,10414982988,10.0
2026-10-06,10414983676,69
2026-10-06,10414984044,7
2026-10-06,10415008007,3.0
2026-10-06,10415008724,2.0
2026-10-06,10415008850,2.0
2026-10-06,10415010842,1.0
2026-10-06,10415011085,2.0
2026-10-06,10415033163,3.0
2026-10-06,10415054274,16
2026-10-06,10415061541,3
2026-10-06,10415065333,1.0
2026-10-06,10415069710,18.0
2026-10-06,10415070861,4.0
2026-10-06,10415084676,1.0
2026-10-06,10415087188,8
2026-10-06,10415092255,8
2026-10-06,10415109840,4.0
2026-10-06,10415126370,11
2026-10-06,10415164135,7
2026-10-06,10415165773,3.0
2026-10-06,10415177020,22
2026-10-06,10415180729,1.0
2026-10-06,10415182833,30
2026-10-06,10415185853,71
2026-10-06,10415191011,10.5
2026-10-06,10415260663,21
2026-10-06,10415266509,2.0
2026-10-06,10415271502,30
2026-10-06,10415273118,2.0
2026-10-06,10415274096,30
2026-10-06,10415275705,1.0
2026-10-06,10415275816,16
2026-10-06,10415277109,2.0
2026-10-06,10415279818,27
2026-10-06,10415281126,31.0
2026-10-06,10415281820,1.0
2026-10-06,10415282859,8
2026-10-06,10415283904,30
2026-10-06,10415286052,1.0
2026-10-06,10415287339,13.0
2026-10-06,10415290375,7
2026-10-06,10415290933,1.0
2026-10-06,10415294896,5
2026-10-06,10415299448,7
2026-10-06,10415303029,3
2026-10-06,10415314506,3
2026-10-06,10415316697,1.0
2026-10-06,10415331317,3
2026-10-06,10415333325,8
2026-10-06,10415333344,1.0
2026-10-06,10415349637,1.0
2026-10-06,10415351258,3.5
2026-10-06,10415351677,16
2026-10-06,10415358067,8
2026-10-06,10415365462,1.0
2026-10-06,10415365521,1.0
2026-10-06,10415369039,4.0
2026-10-06,10415374578,7.0
2026-10-06,10415375710,2.5
2026-10-06,10415377663,5.0
2026-10-06,10415389686,1.0
2026-10-06,10415390703,9.0
2026-10-06,10415392997,5
2026-10-06,10415416717,30
2026-10-06,10415418887,5
2026-10-06,10415420714,22
2026-10-06,10415422351,1.0
2026-10-06,10415423097,5.0
2026-10-06,10415425197,5.0
2026-10-06,10415427318,12.0
2026-10-06,10415429737,6.0
2026-10-06,10415430966,4.0
2026-10-06,10415434640,5.0
2026-10-06,10415435305,30
2026-10-06,10415435503,2.5
2026-10-06,10415436067,11
2026-10-06,10415444951,3.0
2026-10-06,10415446618,3.0
2026-10-06,10415449012,1.0
2026-10-06,10415453812,6.0
2026-10-06,10415454363,46
2026-10-06,10415454649,8
2026-10-06,10415454662,2.0
2026-10-06,10415455845,11
2026-10-06,10415459301,3.0
2026-10-06,10415459674,2.0
2026-10-06,10415465286,50
2026-10-06,10415467727,1.0
2026-10-06,10415471998,5.0
2026-10-06,10415472492,1.0
2026-10-06,10415474020,1.0
2026-10-06,10415475999,1.0
2026-10-06,10415477849,1.0
2026-10-06,10415477990,1.0
2026-10-06,10415479515,1.0
2026-10-06,10415482459,2.0
2026-10-06,10415483156,2.5
2026-10-06,10415485497,3
2026-10-06,10415486891,30
2026-10-06,10415490108,3.5
2026-10-06,10415491467,34.0
2026-10-06,10415497921,3
2026-10-06,10415499675,1.0
2026-10-06,10415501118,14
2026-10-06,10415501508,2.0
2026-10-06,10415508003,23
2026-10-06,10415509833,1.0
2026-10-06,10415511361,11
2026-10-06,10415512623,22.5
2026-10-06,10415512752,1.0
2026-10-06,10415512848,1.0
2026-10-06,10415514052,1.0
2026-10-06,10415518003,28.0
2026-10-06,10415519847,7
2026-10-06,10415524362,1.0
2026-10-06,10415525302,1.0
2026-10-06,10415525525,34
2026-10-06,10415525649,13.0
2026-10-06,10415526721,11
2026-10-06,10415530209,1.0
2026-10-06,10415534152,16
2026-10-06,10415537036,16
2026-10-06,10415537209,1.0
2026-10-06,10415538679,3
2026-10-06,10415540146,1.0
2026-10-06,10415540445,22
2026-10-06,10415541096,53
2026-10-06,10415541584,1.0
2026-10-06,10415543136,5
2026-10-06,10415545453,1.0
2026-10-06,10415547526,1.0
2026-10-06,10415550759,11
2026-10-06,10415552633,9.0
2026-10-06,10415553601,5.0
2026-10-06,10415555959,1.0
2026-10-06,10415557273,11
2026-10-06,10415557753,10
2026-10-06,10415573939,5
2026-10-06,10415579694,16
2026-10-06,10415581634,1.0
2026-10-06,10415587084,11
2026-10-06,10415588084,5
2026-10-06,10415590358,1.0
2026-10-06,10415591077,1.0
2026-10-06,10415602461,7
2026-10-06,10415602878,23.0
2026-10-06,10415603630,1.0
2026-10-06,10415604768,1.0
2026-10-06,10415612633,30
2026-10-06,10415620914,3
2026-10-06,10415651537,8
2026-10-06,10415657033,2.0
2026-10-06,10415666688,5.0
2026-10-06,10415672664,4
2026-10-06,10415683292,2.0
2026-10-06,10415684688,4
2026-10-06,10415686043,1.0
2026-10-06,10415686687,1.0
2026-10-06,10415687373,12.0
2026-10-06,10415687703,1.0
2026-10-06,10415688349,13.0
2026-10-06,10415700063,1.0
2026-10-06,10415731969,8.0
2026-10-06,10415732347,1.0
2026-10-06,10415735023,2.5
2026-10-06,10415738006,7.5
2026-10-06,10415741980,30
2026-10-06,10415743605,5
2026-10-06,10415749340,2.5
2026-10-06,10415751294,3
2026-10-06,10415771647,7
2026-10-06,10415772055,1.0
2026-10-06,10415776027,16
2026-10-06,10415777024,5
2026-10-06,10415786982,1.0
2026-10-06,10415791285,15
2026-10-06,10415793911,1.0
2026-10-06,10415796182,2.0
2026-10-06,10415796225,1.0
2026-10-06,10415809818,5.0
2026-10-06,10415824027,16
2026-10-06,10415830051,2.0
2026-10-06,10415839363,1.0
2026-10-06,10415845449,2.0
2026-10-06,10415846718,1.0
2026-10-06,10415848530,11
2026-10-06,10415862870,5
2026-10-06,10415865846,11
2026-10-06,10415876102,16
2026-10-06,10415881886,16
2026-10-06,10415885580,1.0
2026-10-06,10415891372,9.0
2026-10-06,10415894010,1.0
2026-10-06,10415898677,1.0
2026-10-06,10415912754,10
2026-10-06,10415915414,3.5
2026-10-06,10415924185,1.0
2026-10-06,10415936460,2.0
2026-10-06,10415945186,11
2026-10-06,10415945228,7.0
2026-10-06,10415956245,32
2026-10-06,10415960915,1.0
2026-10-06,10415963185,9.5
2026-10-06,10415972245,8
2026-10-06,10415974736,16
2026-10-06,10415978747,11
2026-10-06,10415985260,1.0
2026-10-06,10416004747,1.0
2026-10-06,10416019304,23
2026-10-06,10416021721,1.0
2026-10-06,10416023535,11.5
2026-10-06,10416024717,1.0
2026-10-06,10416028106,6
2026-10-06,10416029740,3
2026-10-06,10416033033,1.0
2026-10-06,10416037930,1.0
2026-10-06,10416038174,11
2026-10-06,10416255930,4
2026-10-06,10416258279,1.0
2026-10-06,10416349309,1.0
2026-10-06,10416350383,3
2026-10-06,10416354337,1.0
2026-10-06,10416373427,5
2026-10-06,10416376314,6.0
2026-10-06,10416382203,3
2026-10-06,10416388157,1.0
2026-10-06,10416390050,1.0
2026-10-06,10416425260,1.0
2026-10-06,10416426509,16
2026-10-06,10416431021,11
2026-10-06,10416431570,3
2026-10-06,10416473021,1.0
2026-10-06,10416517041,5.0
2026-10-06,10416517154,76
2026-10-06,10416524159,1.0
2026-10-06,10416530536,2.0
2026-10-06,10416536151,1.0
2026-10-06,10416537160,1.0
2026-10-06,10416537470,3.0
2026-10-06,10416537801,8
2026-10-06,10416539397,5
2026-10-06,10416545157,1.0
2026-10-06,10416547904,1.0
2026-10-06,10416558194,3
2026-10-06,10416558897,4
2026-10-06,10416563741,3
2026-10-06,10416565492,7
2026-10-06,10416572958,14
2026-10-06,10416577558,16
2026-10-06,10416605985,3.0
2026-10-06,10416607270,2.5
2026-10-06,10416607830,11
2026-10-06,10416613434,6.5
2026-10-06,10416617922,7
2026-10-06,10416625757,1.0
2026-10-06,10416639041,2.0
2026-10-06,10416892332,4
2026-10-06,10416902802,1.0
2026-10-06,10416921340,1.0
2026-10-06,10417001925,1.0
2026-10-06,10417039974,3
2026-10-06,10417041945,1.0
2026-10-06,10417048699,1.0
2026-10-06,10417054499,1.0
2026-10-06,10417058134,1.0
2026-10-06,10417063817,1.0
2026-10-06,10417076610,7
2026-10-06,10417080164,1.0
2026-10-06,10417081040,5.0
2026-10-06,10417199528,8.0
2026-10-06,10417216752,22.0
2026-10-06,10417225766,11
2026-10-06,10417232709,11
2026-10-06,10417268056,19
2026-10-06,10417512775,16
2026-10-06,10417525963,4
2026-10-06,10417537894,12.0
2026-10-06,10417542370,11
2026-10-06,10417561035,28
2026-10-06,10417567649,1.0
2026-10-06,10417605540,2.0
2026-10-06,10417622820,16
2026-10-06,10417645255,1.0
2026-10-06,10417663155,16
2026-10-06,10417687516,7.0
2026-10-06,10417687767,1.0
2026-10-06,10417688467,6.0
2026-10-06,10417691475,2.5
2026-10-06,10417692484,4
2026-10-06,10417696586,1.0
2026-10-06,10417703523,12
2026-10-06,10417703536,1.0
2026-10-06,10417704525,6.5
2026-10-06,10417704526,16
2026-10-06,10417711528,1.0
2026-10-06,10417747507,1.0
2026-10-06,10417758258,30
2026-10-06,10417759461,30
2026-10-06,10417938468,2.0
2026-10-06,10418015439,11.0
2026-10-06,10418068484,17.0
2026-10-06,10418069290,21
2026-10-06,10418071288,37.5
2026-10-06,10418115208,19
2026-10-06,10418115218,3
2026-10-06,10418128365,48.0
2026-10-06,10418129112,1.0
2026-10-06,10418130748,11
2026-10-06,10418131443,4
2026-10-06,10418135445,5
2026-10-06,10418145171,35.0
2026-10-06,10418145942,5.0
2026-10-06,10418146945,11
2026-10-06,10418179446,2.0
2026-10-06,10418181080,7
2026-10-06,10418185067,28.0
2026-10-06,10418185616,7
2026-10-06,10418187517,1.0
2026-10-06,10418331725,1.0
2026-10-06,10418349280,2.5
2026-10-06,10418362019,1.0
2026-10-06,10418367877,1.0
2026-10-06,10418370574,30
2026-10-06,10418371943,2.0
2026-10-06,10418372456,1.0
2026-10-06,10418374675,1.0
2026-10-06,10418376314,1.0
2026-10-06,10418377806,11
2026-10-06,20101000127956,1.0
2026-10-06,20101000134783,2.5
2026-10-06,99101006,11
2026-10-06,99101009,2.5
2026-10-06,99101052,22
2026-10-06,99101058,1.0
2026-10-06,99101068,8
2026-10-06,99101076,30
2026-10-06,99101088,30
2026-10-06,99101163,1.0
2026-10-06,99101167,4
2026-10-06,99101205,1.0
2026-10-06,99101225,1.0
2026-10-06,9910146,27.0
2026-10-06,9910223,12.5
2026-10-06,9910254,2.0
2026-10-06,9910257,1.0
2026-10-06,9910262,6.0
2026-10-06,9910355,5.0
2026-10-06,9910446,1.0
2026-10-06,9910686,16
2026-10-06,9910688,4.0
